<application>
  <component name="RiderCodeCompletionExtraSettings">
    <option name="allowToCompleteWithWhitespace" value="false" />
    <option name="hasNotifiedAboutCompletingWithEnter" value="true" />
    <option name="hasNotifiedAboutCompletingWithSpace" value="true" />
  </component>
  <component name="RiderDefaultCodeFoldingSettings">
    <option name="collapseAttributes" value="true" />
    <option name="collapseCaseSections" value="true" />
    <option name="collapseComments" value="true" />
    <option name="includeBreakCheckboxState" value="true" />
  </component>
</application>