<keymap version="1" name="Default copy" parent="Mac OS X 10.5+">
  <action id="$Delete">
    <keyboard-shortcut first-keystroke="delete" />
    <keyboard-shortcut first-keystroke="back_space" />
  </action>
  <action id="Arrangement.Rule.Remove">
    <keyboard-shortcut first-keystroke="delete" />
    <keyboard-shortcut first-keystroke="back_space" />
  </action>
  <action id="Back">
    <keyboard-shortcut first-keystroke="meta open_bracket" />
    <keyboard-shortcut first-keystroke="meta alt left" />
    <mouse-shortcut keystroke="button4" />
    <keyboard-shortcut first-keystroke="meta back_space" />
  </action>
  <action id="CIDR.Lang.Cpp.GenerateDefinitions" />
  <action id="CIDR.Lang.IntroduceDefine">
    <keyboard-shortcut first-keystroke="shift meta d" />
  </action>
  <action id="ChangesView.ShelveSilently" />
  <action id="CheckinFiles">
    <keyboard-shortcut first-keystroke="shift meta c" />
  </action>
  <action id="Console.Execute.Multiline" />
  <action id="Console.TableResult.CompareCells" />
  <action id="CopyPaths" />
  <action id="Diff.ShowSettingsPopup" />
  <action id="DirDiffMenu.SynchronizeDiff.All" />
  <action id="EditorDeleteLine" />
  <action id="EditorLineEnd">
    <keyboard-shortcut first-keystroke="end" />
    <keyboard-shortcut first-keystroke="ctrl e" />
  </action>
  <action id="EditorLineStart">
    <keyboard-shortcut first-keystroke="home" />
    <keyboard-shortcut first-keystroke="ctrl a" />
  </action>
  <action id="EditorSplitLine" />
  <action id="EditorStartNewLineBefore" />
  <action id="IntroduceParameter" />
  <action id="KotlinShellExecute" />
  <action id="MethodHierarchy" />
  <action id="NextTab">
    <keyboard-shortcut first-keystroke="shift meta close_bracket" />
    <keyboard-shortcut first-keystroke="ctrl right" />
    <keyboard-shortcut first-keystroke="meta right" />
  </action>
  <action id="PreviousTab">
    <keyboard-shortcut first-keystroke="shift meta open_bracket" />
    <keyboard-shortcut first-keystroke="ctrl left" />
    <keyboard-shortcut first-keystroke="meta left" />
  </action>
  <action id="QuickActionPopup" />
  <action id="Refresh" />
  <action id="RenameElement">
    <keyboard-shortcut first-keystroke="shift f6" />
    <keyboard-shortcut first-keystroke="meta r" />
  </action>
  <action id="Replace" />
  <action id="Rerun" />
  <action id="Run">
    <keyboard-shortcut first-keystroke="ctrl r" />
    <keyboard-shortcut first-keystroke="meta enter" />
  </action>
  <action id="RunDashboard.RemoveConfiguration">
    <keyboard-shortcut first-keystroke="delete" />
    <keyboard-shortcut first-keystroke="back_space" />
  </action>
  <action id="Scala.ShowImplicits">
    <keyboard-shortcut first-keystroke="shift ctrl alt equals" />
    <keyboard-shortcut first-keystroke="shift ctrl alt add" />
  </action>
  <action id="ScalaConsole.Execute">
    <keyboard-shortcut first-keystroke="enter" />
  </action>
  <action id="ToggleInlayHintsGloballyAction">
    <keyboard-shortcut first-keystroke="meta alt p" />
  </action>
  <action id="ToggleInlineHintsAction">
    <keyboard-shortcut first-keystroke="shift meta h" />
  </action>
  <action id="Tool_External Tools_Build">
    <keyboard-shortcut first-keystroke="meta alt enter" />
  </action>
  <action id="Tool_External Tools_Build and Prepare">
    <keyboard-shortcut first-keystroke="ctrl meta enter" />
  </action>
  <action id="UsageView.Exclude">
    <keyboard-shortcut first-keystroke="delete" />
    <keyboard-shortcut first-keystroke="back_space" />
  </action>
  <action id="Vcs.Log.Refresh" />
  <action id="Vcs.Push">
    <keyboard-shortcut first-keystroke="shift meta k" />
    <keyboard-shortcut first-keystroke="shift meta p" />
  </action>
  <action id="ViewSource" />
  <action id="XDebugger.RemoveWatch">
    <keyboard-shortcut first-keystroke="delete" />
    <keyboard-shortcut first-keystroke="back_space" />
  </action>
  <action id="hg4idea.QRefresh" />
</keymap>