<keymap version="1" name="Default copy1" parent="$default">
  <action id="AutoIndentLines" />
  <action id="CheckinProject">
    <keyboard-shortcut first-keystroke="ctrl k" />
    <keyboard-shortcut first-keystroke="shift alt c" />
  </action>
  <action id="Console.Execute.Multiline" />
  <action id="Console.Jdbc.Execute" />
  <action id="DirDiffMenu.SynchronizeDiff.All" />
  <action id="EditorSplitLine" />
  <action id="Generate">
    <keyboard-shortcut first-keystroke="alt insert" />
    <keyboard-shortcut first-keystroke="alt n" />
  </action>
  <action id="Git.Pull">
    <keyboard-shortcut first-keystroke="shift alt p" />
  </action>
  <action id="OptimizeImports">
    <keyboard-shortcut first-keystroke="ctrl alt o" />
    <keyboard-shortcut first-keystroke="ctrl alt i" />
  </action>
  <action id="RecentChanges" />
  <action id="RenameElement">
    <keyboard-shortcut first-keystroke="shift f6" />
    <keyboard-shortcut first-keystroke="alt r" />
  </action>
  <action id="Run">
    <keyboard-shortcut first-keystroke="shift f10" />
    <keyboard-shortcut first-keystroke="ctrl enter" />
  </action>
  <action id="ViewSource" />
  <action id="hg4idea.QPushAction" />
</keymap>