<toolSet name="External Tools">
  <tool name="Build and Run" showInMainMenu="false" showInEditor="false" showInProject="false" showInSearchPopup="false" disabled="false" useConsole="true" showConsoleOnStdOut="true" showConsoleOnStdErr="true" synchronizeAfterRun="true">
    <exec>
      <option name="COMMAND" value="./build.sh" />
      <option name="PARAMETERS" value="run" />
      <option name="WORKING_DIRECTORY" value="C:/Users/patricklindenberg/Development/Rackv1/plugins/LRTRack" />
    </exec>
  </tool>
  <tool name="Build" showInMainMenu="false" showInEditor="false" showInProject="false" showInSearchPopup="false" disabled="false" useConsole="true" showConsoleOnStdOut="true" showConsoleOnStdErr="true" synchronizeAfterRun="true">
    <exec>
      <option name="COMMAND" value="./build.sh" />
      <option name="PARAMETERS" />
      <option name="WORKING_DIRECTORY" value="$ProjectFileDir$" />
    </exec>
  </tool>
  <tool name="Build and Prepare" showInMainMenu="false" showInEditor="false" showInProject="false" showInSearchPopup="false" disabled="false" useConsole="true" showConsoleOnStdOut="true" showConsoleOnStdErr="true" synchronizeAfterRun="true">
    <exec>
      <option name="COMMAND" value="./build.sh" />
      <option name="PARAMETERS" value="prepare" />
      <option name="WORKING_DIRECTORY" value="C:/Users/patricklindenberg/Development/Rackv1/plugins/LRTRack" />
    </exec>
  </tool>
</toolSet>